{
    "locale": "ko-KR",
    "date": {
        "ca": [
            "gregory",
            "buddhist",
            "chinese",
            "coptic",
            "ethioaa",
            "ethiopic",
            "generic",
            "hebrew",
            "indian",
            "islamic",
            "japanese",
            "persian",
            "roc"
        ],
        "hourNo0": true,
        "hour12": true,
        "formats": [
            {
                "year": "numeric",
                "month": "short",
                "day": "numeric",
                "weekday": "short",
                "hour": "numeric",
                "minute": "2-digit",
                "second": "2-digit",
                "pattern": "{year}년 {month} {day}일 ({weekday})  {hour}:{minute}:{second}",
                "pattern12": "{year}년 {month} {day}일 ({weekday}) {ampm} {hour}:{minute}:{second}"
            },
            {
                "year": "numeric",
                "month": "short",
                "day": "numeric",
                "weekday": "short",
                "pattern": "{year}년 {month} {day}일 ({weekday}"
            },
            {
                "year": "numeric",
                "month": "short",
                "day": "numeric",
                "pattern": "{year}년 {month} {day}"
            },
            {
                "year": "numeric",
                "month": "numeric",
                "day": "numeric",
                "pattern": "{year}. {month}. {day}"
            },
            {
                "year": "numeric",
                "month": "numeric",
                "pattern": "{year}. {month}"
            },
            {
                "year": "numeric",
                "month": "short",
                "pattern": "{year}년 {month}"
            },
            {
                "month": "short",
                "day": "numeric",
                "pattern": "{month} {day}"
            },
            {
                "month": "numeric",
                "day": "numeric",
                "pattern": "{month}. {day}"
            },
            {
                "hour": "numeric",
                "minute": "2-digit",
                "second": "2-digit",
                "pattern": "{hour}:{minute}:{second}",
                "pattern12": "{ampm} {hour}:{minute}:{second}"
            },
            {
                "hour": "numeric",
                "minute": "2-digit",
                "pattern": "{hour}:{minute}",
                "pattern12": "{ampm} {hour}:{minute}"
            }
        ],
        "calendars": {
            "buddhist": {
                "eras": {
                    "short": [
                        "불기"
                    ]
                }
            },
            "chinese": {
                "months": {
                    "long": [
                        "Month1",
                        "Month2",
                        "Month3",
                        "Month4",
                        "Month5",
                        "Month6",
                        "Month7",
                        "Month8",
                        "Month9",
                        "Month10",
                        "Month11",
                        "Month12"
                    ]
                }
            },
            "coptic": {
                "months": {
                    "long": [
                        "Tout",
                        "Baba",
                        "Hator",
                        "Kiahk",
                        "Toba",
                        "Amshir",
                        "Baramhat",
                        "Baramouda",
                        "Bashans",
                        "Paona",
                        "Epep",
                        "Mesra",
                        "Nasie"
                    ]
                },
                "eras": {
                    "short": [
                        "ERA0",
                        "ERA1"
                    ]
                }
            },
            "ethiopic": {
                "months": {
                    "long": [
                        "Meskerem",
                        "Tekemt",
                        "Hedar",
                        "Tahsas",
                        "Ter",
                        "Yekatit",
                        "Megabit",
                        "Miazia",
                        "Genbot",
                        "Sene",
                        "Hamle",
                        "Nehasse",
                        "Pagumen"
                    ]
                },
                "eras": {
                    "short": [
                        "ERA0",
                        "ERA1"
                    ]
                }
            },
            "ethioaa": {
                "eras": {
                    "short": [
                        "ERA0"
                    ]
                }
            },
            "generic": {
                "months": {
                    "long": [
                        "Month1",
                        "Month2",
                        "Month3",
                        "Month4",
                        "Month5",
                        "Month6",
                        "Month7",
                        "Month8",
                        "Month9",
                        "Month10",
                        "Month11",
                        "Month12"
                    ]
                },
                "eras": {
                    "short": [
                        "ERA0",
                        "ERA1"
                    ]
                }
            },
            "gregory": {
                "months": {
                    "long": [
                        "1월",
                        "2월",
                        "3월",
                        "4월",
                        "5월",
                        "6월",
                        "7월",
                        "8월",
                        "9월",
                        "10월",
                        "11월",
                        "12월"
                    ]
                },
                "days": {
                    "narrow": [
                        "일",
                        "월",
                        "화",
                        "수",
                        "목",
                        "금",
                        "토"
                    ],
                    "short": [
                        "일",
                        "월",
                        "화",
                        "수",
                        "목",
                        "금",
                        "토"
                    ],
                    "long": [
                        "일요일",
                        "월요일",
                        "화요일",
                        "수요일",
                        "목요일",
                        "금요일",
                        "토요일"
                    ]
                },
                "eras": {
                    "short": [
                        "기원전",
                        "서기"
                    ],
                    "long": [
                        "서력기원전",
                        "서력기원"
                    ]
                },
                "dayPeriods": {
                    "am": "오전",
                    "pm": "오후"
                }
            },
            "hebrew": {
                "months": {
                    "long": [
                        "Tishri",
                        "Heshvan",
                        "Kislev",
                        "Tevet",
                        "Shevat",
                        "Adar I",
                        "Adar",
                        "Nisan",
                        "Iyar",
                        "Sivan",
                        "Tamuz",
                        "Av",
                        "Elul",
                        "Adar II"
                    ]
                },
                "eras": {
                    "short": [
                        "AM"
                    ]
                }
            },
            "indian": {
                "months": {
                    "long": [
                        "Chaitra",
                        "Vaisakha",
                        "Jyaistha",
                        "Asadha",
                        "Sravana",
                        "Bhadra",
                        "Asvina",
                        "Kartika",
                        "Agrahayana",
                        "Pausa",
                        "Magha",
                        "Phalguna"
                    ]
                },
                "eras": {
                    "short": [
                        "SAKA"
                    ]
                }
            },
            "islamic": {
                "months": {
                    "short": [
                        "Muh.",
                        "Saf.",
                        "Rab. I",
                        "Rab. II",
                        "Jum. I",
                        "Jum. II",
                        "Raj.",
                        "Sha.",
                        "Ram.",
                        "Shaw.",
                        "Dhuʻl-Q.",
                        "Dhuʻl-H."
                    ],
                    "long": [
                        "Muharram",
                        "Safar",
                        "Rabiʻ I",
                        "Rabiʻ II",
                        "Jumada I",
                        "Jumada II",
                        "Rajab",
                        "Shaʻban",
                        "Ramadan",
                        "Shawwal",
                        "Dhuʻl-Qiʻdah",
                        "Dhuʻl-Hijjah"
                    ]
                },
                "eras": {
                    "short": [
                        "AH"
                    ]
                }
            },
            "japanese": {
                "eras": {
                    "narrow": [
                        "Taika (645-650)",
                        "Hakuchi (650-671)",
                        "Hakuhō (672-686)",
                        "Shuchō (686-701)",
                        "Taihō (701-704)",
                        "Keiun (704-708)",
                        "Wadō (708-715)",
                        "Reiki (715-717)",
                        "Yōrō (717-724)",
                        "Jinki (724-729)",
                        "Tempyō (729-749)",
                        "Tempyō-kampō (749-749)",
                        "Tempyō-shōhō (749-757)",
                        "Tempyō-hōji (757-765)",
                        "Temphō-jingo (765-767)",
                        "Jingo-keiun (767-770)",
                        "Hōki (770-780)",
                        "Ten-ō (781-782)",
                        "Enryaku (782-806)",
                        "Daidō (806-810)",
                        "Kōnin (810-824)",
                        "Tenchō (824-834)",
                        "Jōwa (834-848)",
                        "Kajō (848-851)",
                        "Ninju (851-854)",
                        "Saiko (854-857)",
                        "Tennan (857-859)",
                        "Jōgan (859-877)",
                        "Genkei (877-885)",
                        "Ninna (885-889)",
                        "Kampyō (889-898)",
                        "Shōtai (898-901)",
                        "Engi (901-923)",
                        "Enchō (923-931)",
                        "Shōhei (931-938)",
                        "Tengyō (938-947)",
                        "Tenryaku (947-957)",
                        "Tentoku (957-961)",
                        "Ōwa (961-964)",
                        "Kōhō (964-968)",
                        "Anna (968-970)",
                        "Tenroku (970-973)",
                        "Ten-en (973-976)",
                        "Jōgen (976-978)",
                        "Tengen (978-983)",
                        "Eikan (983-985)",
                        "Kanna (985-987)",
                        "Ei-en (987-989)",
                        "Eiso (989-990)",
                        "Shōryaku (990-995)",
                        "Chōtoku (995-999)",
                        "Chōhō (999-1004)",
                        "Kankō (1004-1012)",
                        "Chōwa (1012-1017)",
                        "Kannin (1017-1021)",
                        "Jian (1021-1024)",
                        "Manju (1024-1028)",
                        "Chōgen (1028-1037)",
                        "Chōryaku (1037-1040)",
                        "Chōkyū (1040-1044)",
                        "Kantoku (1044-1046)",
                        "Eishō (1046-1053)",
                        "Tengi (1053-1058)",
                        "Kōhei (1058-1065)",
                        "Jiryaku (1065-1069)",
                        "Enkyū (1069-1074)",
                        "Shōho (1074-1077)",
                        "Shōryaku (1077-1081)",
                        "Eiho (1081-1084)",
                        "Ōtoku (1084-1087)",
                        "Kanji (1087-1094)",
                        "Kaho (1094-1096)",
                        "Eichō (1096-1097)",
                        "Shōtoku (1097-1099)",
                        "Kōwa (1099-1104)",
                        "Chōji (1104-1106)",
                        "Kashō (1106-1108)",
                        "Tennin (1108-1110)",
                        "Ten-ei (1110-1113)",
                        "Eikyū (1113-1118)",
                        "Gen-ei (1118-1120)",
                        "Hoan (1120-1124)",
                        "Tenji (1124-1126)",
                        "Daiji (1126-1131)",
                        "Tenshō (1131-1132)",
                        "Chōshō (1132-1135)",
                        "Hoen (1135-1141)",
                        "Eiji (1141-1142)",
                        "Kōji (1142-1144)",
                        "Tenyō (1144-1145)",
                        "Kyūan (1145-1151)",
                        "Ninpei (1151-1154)",
                        "Kyūju (1154-1156)",
                        "Hogen (1156-1159)",
                        "Heiji (1159-1160)",
                        "Eiryaku (1160-1161)",
                        "Ōho (1161-1163)",
                        "Chōkan (1163-1165)",
                        "Eiman (1165-1166)",
                        "Nin-an (1166-1169)",
                        "Kaō (1169-1171)",
                        "Shōan (1171-1175)",
                        "Angen (1175-1177)",
                        "Jishō (1177-1181)",
                        "Yōwa (1181-1182)",
                        "Juei (1182-1184)",
                        "Genryuku (1184-1185)",
                        "Bunji (1185-1190)",
                        "Kenkyū (1190-1199)",
                        "Shōji (1199-1201)",
                        "Kennin (1201-1204)",
                        "Genkyū (1204-1206)",
                        "Ken-ei (1206-1207)",
                        "Shōgen (1207-1211)",
                        "Kenryaku (1211-1213)",
                        "Kenpō (1213-1219)",
                        "Shōkyū (1219-1222)",
                        "Jōō (1222-1224)",
                        "Gennin (1224-1225)",
                        "Karoku (1225-1227)",
                        "Antei (1227-1229)",
                        "Kanki (1229-1232)",
                        "Jōei (1232-1233)",
                        "Tempuku (1233-1234)",
                        "Bunryaku (1234-1235)",
                        "Katei (1235-1238)",
                        "Ryakunin (1238-1239)",
                        "En-ō (1239-1240)",
                        "Ninji (1240-1243)",
                        "Kangen (1243-1247)",
                        "Hōji (1247-1249)",
                        "Kenchō (1249-1256)",
                        "Kōgen (1256-1257)",
                        "Shōka (1257-1259)",
                        "Shōgen (1259-1260)",
                        "Bun-ō (1260-1261)",
                        "Kōchō (1261-1264)",
                        "Bun-ei (1264-1275)",
                        "Kenji (1275-1278)",
                        "Kōan (1278-1288)",
                        "Shōō (1288-1293)",
                        "Einin (1293-1299)",
                        "Shōan (1299-1302)",
                        "Kengen (1302-1303)",
                        "Kagen (1303-1306)",
                        "Tokuji (1306-1308)",
                        "Enkei (1308-1311)",
                        "Ōchō (1311-1312)",
                        "Shōwa (1312-1317)",
                        "Bunpō (1317-1319)",
                        "Genō (1319-1321)",
                        "Genkyō (1321-1324)",
                        "Shōchū (1324-1326)",
                        "Kareki (1326-1329)",
                        "Gentoku (1329-1331)",
                        "Genkō (1331-1334)",
                        "Kemmu (1334-1336)",
                        "Engen (1336-1340)",
                        "Kōkoku (1340-1346)",
                        "Shōhei (1346-1370)",
                        "Kentoku (1370-1372)",
                        "Bunchũ (1372-1375)",
                        "Tenju (1375-1379)",
                        "Kōryaku (1379-1381)",
                        "Kōwa (1381-1384)",
                        "Genchũ (1384-1392)",
                        "Meitoku (1384-1387)",
                        "Kakei (1387-1389)",
                        "Kōō (1389-1390)",
                        "Meitoku (1390-1394)",
                        "Ōei (1394-1428)",
                        "Shōchō (1428-1429)",
                        "Eikyō (1429-1441)",
                        "Kakitsu (1441-1444)",
                        "Bun-an (1444-1449)",
                        "Hōtoku (1449-1452)",
                        "Kyōtoku (1452-1455)",
                        "Kōshō (1455-1457)",
                        "Chōroku (1457-1460)",
                        "Kanshō (1460-1466)",
                        "Bunshō (1466-1467)",
                        "Ōnin (1467-1469)",
                        "Bunmei (1469-1487)",
                        "Chōkyō (1487-1489)",
                        "Entoku (1489-1492)",
                        "Meiō (1492-1501)",
                        "Bunki (1501-1504)",
                        "Eishō (1504-1521)",
                        "Taiei (1521-1528)",
                        "Kyōroku (1528-1532)",
                        "Tenmon (1532-1555)",
                        "Kōji (1555-1558)",
                        "Eiroku (1558-1570)",
                        "Genki (1570-1573)",
                        "Tenshō (1573-1592)",
                        "Bunroku (1592-1596)",
                        "Keichō (1596-1615)",
                        "Genwa (1615-1624)",
                        "Kan-ei (1624-1644)",
                        "Shōho (1644-1648)",
                        "Keian (1648-1652)",
                        "Shōō (1652-1655)",
                        "Meiryaku (1655-1658)",
                        "Manji (1658-1661)",
                        "Kanbun (1661-1673)",
                        "Enpō (1673-1681)",
                        "Tenwa (1681-1684)",
                        "Jōkyō (1684-1688)",
                        "Genroku (1688-1704)",
                        "Hōei (1704-1711)",
                        "Shōtoku (1711-1716)",
                        "Kyōhō (1716-1736)",
                        "Genbun (1736-1741)",
                        "Kanpō (1741-1744)",
                        "Enkyō (1744-1748)",
                        "Kan-en (1748-1751)",
                        "Hōryaku (1751-1764)",
                        "Meiwa (1764-1772)",
                        "An-ei (1772-1781)",
                        "Tenmei (1781-1789)",
                        "Kansei (1789-1801)",
                        "Kyōwa (1801-1804)",
                        "Bunka (1804-1818)",
                        "Bunsei (1818-1830)",
                        "Tenpō (1830-1844)",
                        "Kōka (1844-1848)",
                        "Kaei (1848-1854)",
                        "Ansei (1854-1860)",
                        "Man-en (1860-1861)",
                        "Bunkyū (1861-1864)",
                        "Genji (1864-1865)",
                        "Keiō (1865-1868)",
                        "M",
                        "T",
                        "S",
                        "H"
                    ],
                    "short": [
                        "다이카 (645 ~ 650)",
                        "하쿠치 (650 ~ 671)",
                        "하쿠호 (672 ~ 686)",
                        "슈초 (686 ~ 701)",
                        "다이호 (701 ~ 704)",
                        "게이운 (704 ~ 708)",
                        "와도 (708 ~ 715)",
                        "레이키 (715 ~ 717)",
                        "요로 (717 ~ 724)",
                        "진키 (724 ~ 729)",
                        "덴표 (729 ~ 749)",
                        "덴표칸포 (749 ~ 749)",
                        "덴표쇼호 (749 ~ 757)",
                        "덴표호지 (757 ~ 765)",
                        "덴표진고 (765 ~ 767)",
                        "진고케이운 (767 ~ 770)",
                        "호키 (770 ~ 780)",
                        "덴오 (781 ~ 782)",
                        "엔랴쿠 (782 ~ 806)",
                        "다이도 (806 ~ 810)",
                        "고닌 (810 ~ 824)",
                        "덴초 (824 ~ 834)",
                        "조와 (834 ~ 848)",
                        "가쇼 (848 ~ 851)",
                        "닌주 (851 ~ 854)",
                        "사이코 (854 ~ 857)",
                        "덴난 (857 ~ 859)",
                        "조간 (859 ~ 877)",
                        "간교 (877 ~ 885)",
                        "닌나 (885 ~ 889)",
                        "간표 (889 ~ 898)",
                        "쇼타이 (898 ~ 901)",
                        "엔기 (901 ~ 923)",
                        "엔초 (923 ~ 931)",
                        "조헤이 (931 ~ 938)",
                        "덴교 (938 ~ 947)",
                        "덴랴쿠 (947 ~ 957)",
                        "덴토쿠 (957 ~ 961)",
                        "오와 (961 ~ 964)",
                        "고호 (964 ~ 968)",
                        "안나 (968 ~ 970)",
                        "덴로쿠 (970 ~ 973)",
                        "덴엔 (973 ~ 976)",
                        "조겐 (976 ~ 978)",
                        "덴겐 (978 ~ 983)",
                        "에이간 (983 ~ 985)",
                        "간나 (985 ~ 987)",
                        "에이엔 (987 ~ 989)",
                        "에이소 (989 ~ 990)",
                        "쇼랴쿠 (990 ~ 995)",
                        "조토쿠 (995 ~ 999)",
                        "조호 (999 ~ 1004)",
                        "간코 (1004 ~ 1012)",
                        "조와 (1012 ~ 1017)",
                        "간닌 (1017 ~ 1021)",
                        "지안 (1021 ~ 1024)",
                        "만주 (1024 ~ 1028)",
                        "조겐 (1028 ~ 1037)",
                        "조랴쿠 (1037 ~ 1040)",
                        "조큐 (1040 ~ 1044)",
                        "간토쿠 (1044 ~ 1046)",
                        "에이쇼 (1046 ~ 1053)",
                        "덴기 (1053 ~ 1058)",
                        "고헤이 (1058 ~ 1065)",
                        "지랴쿠 (1065 ~ 1069)",
                        "엔큐 (1069 ~ 1074)",
                        "조호 (1074 ~ 1077)",
                        "쇼랴쿠 (1077 ~ 1081)",
                        "에이호 (1081 ~ 1084)",
                        "오토쿠 (1084 ~ 1087)",
                        "간지 (1087 ~ 1094)",
                        "가호 (1094 ~ 1096)",
                        "에이초 (1096 ~ 1097)",
                        "조토쿠 (1097 ~ 1099)",
                        "고와 (1099 ~ 1104)",
                        "조지 (1104 ~ 1106)",
                        "가쇼 (1106 ~ 1108)",
                        "덴닌 (1108 ~ 1110)",
                        "덴에이 (1110 ~ 1113)",
                        "에이큐 (1113 ~ 1118)",
                        "겐에이 (1118 ~ 1120)",
                        "호안 (1120 ~ 1124)",
                        "덴지 (1124 ~ 1126)",
                        "다이지 (1126 ~ 1131)",
                        "덴쇼 (1131 ~ 1132)",
                        "조쇼 (1132 ~ 1135)",
                        "호엔 (1135 ~ 1141)",
                        "에이지 (1141 ~ 1142)",
                        "고지 (1142 ~ 1144)",
                        "덴요 (1144 ~ 1145)",
                        "규안 (1145 ~ 1151)",
                        "닌페이 (1151 ~ 1154)",
                        "규주 (1154 ~ 1156)",
                        "호겐 (1156 ~ 1159)",
                        "헤이지 (1159 ~ 1160)",
                        "에이랴쿠 (1160 ~ 1161)",
                        "오호 (1161 ~ 1163)",
                        "조칸 (1163 ~ 1165)",
                        "에이만 (1165 ~ 1166)",
                        "닌난 (1166 ~ 1169)",
                        "가오 (1169 ~ 1171)",
                        "조안 (1171 ~ 1175)",
                        "안겐 (1175 ~ 1177)",
                        "지쇼 (1177 ~ 1181)",
                        "요와 (1181 ~ 1182)",
                        "주에이 (1182 ~ 1184)",
                        "겐랴쿠 (1184 ~ 1185)",
                        "분지 (1185 ~ 1190)",
                        "겐큐 (1190 ~ 1199)",
                        "쇼지 (1199 ~ 1201)",
                        "겐닌 (1201 ~ 1204)",
                        "겐큐 (1204 ~ 1206)",
                        "겐에이 (1206 ~ 1207)",
                        "조겐 (1207 ~ 1211)",
                        "겐랴쿠 (1211 ~ 1213)",
                        "겐포 (1213 ~ 1219)",
                        "조큐 (1219 ~ 1222)",
                        "조오 (1222 ~ 1224)",
                        "겐닌 (1224 ~ 1225)",
                        "가로쿠 (1225 ~ 1227)",
                        "안테이 (1227 ~ 1229)",
                        "간키 (1229 ~ 1232)",
                        "조에이 (1232 ~ 1233)",
                        "덴푸쿠 (1233 ~ 1234)",
                        "분랴쿠 (1234 ~ 1235)",
                        "가테이 (1235 ~ 1238)",
                        "랴쿠닌 (1238 ~ 1239)",
                        "엔오 (1239 ~ 1240)",
                        "닌지 (1240 ~ 1243)",
                        "간겐 (1243 ~ 1247)",
                        "호지 (1247 ~ 1249)",
                        "겐초 (1249 ~ 1256)",
                        "고겐 (1256 ~ 1257)",
                        "쇼카 (1257 ~ 1259)",
                        "쇼겐 (1259 ~ 1260)",
                        "분오 (1260 ~ 1261)",
                        "고초 (1261 ~ 1264)",
                        "분에이 (1264 ~ 1275)",
                        "겐지 (1275 ~ 1278)",
                        "고안 (1278 ~ 1288)",
                        "쇼오 (1288 ~ 1293)",
                        "에이닌 (1293 ~ 1299)",
                        "쇼안 (1299 ~ 1302)",
                        "겐겐 (1302 ~ 1303)",
                        "가겐 (1303 ~ 1306)",
                        "도쿠지 (1306 ~ 1308)",
                        "엔쿄 (1308 ~ 1311)",
                        "오초 (1311 ~ 1312)",
                        "쇼와 (1312 ~ 1317)",
                        "분포 (1317 ~ 1319)",
                        "겐오 (1319 ~ 1321)",
                        "겐코 (1321 ~ 1324)",
                        "쇼추 (1324 ~ 1326)",
                        "가랴쿠 (1326 ~ 1329)",
                        "겐토쿠 (1329 ~ 1331)",
                        "겐코 (1331 ~ 1334)",
                        "겐무 (1334 ~ 1336)",
                        "엔겐 (1336 ~ 1340)",
                        "고코쿠 (1340 ~ 1346)",
                        "쇼헤이 (1346 ~ 1370)",
                        "겐토쿠 (1370 ~ 1372)",
                        "분추 (1372 ~ 1375)",
                        "덴주 (1375 ~ 1379)",
                        "고랴쿠 (1379 ~ 1381)",
                        "고와 (1381 ~ 1384)",
                        "겐추 (1384 ~ 1392)",
                        "메이토쿠 (1384 ~ 1387)",
                        "가쿄 (1387 ~ 1389)",
                        "고오 (1389 ~ 1390)",
                        "메이토쿠 (1390 ~ 1394)",
                        "오에이 (1394 ~ 1428)",
                        "쇼초 (1428 ~ 1429)",
                        "에이쿄 (1429 ~ 1441)",
                        "가키쓰 (1441 ~ 1444)",
                        "분안 (1444 ~ 1449)",
                        "호토쿠 (1449 ~ 1452)",
                        "교토쿠 (1452 ~ 1455)",
                        "고쇼 (1455 ~ 1457)",
                        "조로쿠 (1457 ~ 1460)",
                        "간쇼 (1460 ~ 1466)",
                        "분쇼 (1466 ~ 1467)",
                        "오닌 (1467 ~ 1469)",
                        "분메이 (1469 ~ 1487)",
                        "조쿄 (1487 ~ 1489)<",
                        "엔토쿠 (1489 ~ 1492)",
                        "메이오 (1492 ~ 1501)",
                        "분키 (1501 ~ 1504)",
                        "에이쇼 (1504 ~ 1521)",
                        "다이에이 (1521 ~ 1528)",
                        "교로쿠 (1528 ~ 1532)",
                        "덴분 (1532 ~ 1555)",
                        "고지 (1555 ~ 1558)",
                        "에이로쿠 (1558 ~ 1570)",
                        "겐키 (1570 ~ 1573)",
                        "덴쇼 (1573 ~ 1592)",
                        "분로쿠 (1592 ~ 1596)",
                        "게이초 (1596 ~ 1615)",
                        "겐나 (1615 ~ 1624)",
                        "간에이 (1624 ~ 1644)",
                        "쇼호 (1644 ~ 1648)",
                        "게이안 (1648 ~ 1652)",
                        "조오 (1652 ~ 1655)",
                        "메이레키 (1655 ~ 1658)",
                        "만지 (1658 ~ 1661)",
                        "간분 (1661 ~ 1673)",
                        "엔포 (1673 ~ 1681)",
                        "덴나 (1681 ~ 1684)",
                        "조쿄 (1684 ~ 1688)",
                        "겐로쿠 (1688 ~ 1704)",
                        "호에이 (1704 ~ 1711)",
                        "쇼토쿠 (1711 ~ 1716)",
                        "교호 (1716 ~ 1736)",
                        "겐분 (1736 ~ 1741)",
                        "간포 (1741 ~ 1744)",
                        "엔쿄 (1744 ~ 1748)",
                        "간엔 (1748 ~ 1751)",
                        "호레키 (1751 ~ 1764)",
                        "메이와 (1764 ~ 1772)",
                        "안에이 (1772 ~ 1781)",
                        "덴메이 (1781 ~ 1789)",
                        "간세이 (1789 ~ 1801)",
                        "교와 (1801 ~ 1804)",
                        "분카 (1804 ~ 1818)",
                        "분세이 (1818 ~ 1830)",
                        "덴포 (1830 ~ 1844)",
                        "고카 (1844 ~ 1848)",
                        "가에이 (1848 ~ 1854)",
                        "안세이 (1854 ~ 1860)",
                        "만엔 (1860 ~ 1861)",
                        "분큐 (1861 ~ 1864)",
                        "겐지 (1864 ~ 1865)",
                        "게이오 (1865 ~ 1868)",
                        "메이지",
                        "다이쇼",
                        "쇼와",
                        "헤이세이"
                    ]
                }
            },
            "persian": {
                "months": {
                    "long": [
                        "Farvardin",
                        "Ordibehesht",
                        "Khordad",
                        "Tir",
                        "Mordad",
                        "Shahrivar",
                        "Mehr",
                        "Aban",
                        "Azar",
                        "Dey",
                        "Bahman",
                        "Esfand"
                    ]
                },
                "eras": {
                    "short": [
                        "AP"
                    ]
                }
            },
            "roc": {
                "eras": {
                    "short": [
                        "중화민국전",
                        "중화민국"
                    ]
                }
            }
        }
    },
    "number": {
        "nu": [
            "latn"
        ],
        "patterns": {
            "decimal": {
                "positivePattern": "{number}",
                "negativePattern": "-{number}"
            },
            "currency": {
                "positivePattern": "{currency}{number}",
                "negativePattern": "({currency}{number})"
            },
            "percent": {
                "positivePattern": "{number}%",
                "negativePattern": "-{number}%"
            }
        },
        "symbols": {
            "latn": {
                "decimal": ".",
                "group": ",",
                "nan": "NaN",
                "percent": "%",
                "infinity": "∞"
            }
        },
        "currencies": {
            "AUD": "AU$",
            "BRL": "R$",
            "CAD": "CA$",
            "CNY": "CN¥",
            "EUR": "€",
            "GBP": "£",
            "HKD": "HK$",
            "ILS": "₪",
            "INR": "₹",
            "JPY": "JP¥",
            "KRW": "₩",
            "MXN": "MX$",
            "NZD": "NZ$",
            "THB": "฿",
            "TWD": "NT$",
            "USD": "US$",
            "VND": "₫",
            "XAF": "FCFA",
            "XCD": "EC$",
            "XOF": "CFA",
            "XPF": "CFPF"
        }
    }
}